key,zh-CN-zai,zh-CN-gl,zh-TW,en-US,ko-KR,ja-JP,th-TH,id-ID,ru-RU,it-IT,pt-BR,es-ES,vi-VN,fr-FR,tr-TR
LANGUAGE_NAME,简体中文崽崽,简体中文崽崽,繁體中文,English,한국어,日本語,ภาษาไทย,Bahasa Indonesia,Pусский,Italiano,Português(Brasil),Español,Tiếng Việt,Français,Türkçe
SCREENSHOT_SCREENSHOTSHOOTDONE,拍好啦！要发布吗？,拍好啦！要发布吗？,是否上傳到貼文？,Upload it to feed?,피드에 올릴까요?,FEEDに投稿する？,ต้องการแชร์ลงบนฟีดหรือไม่?,Unggah ke feed?,Загрузить в ленту?,Condividi nel feed?,Enviar para o feed?,¿Cargar al feed?,Đăng lên feed?,Le télécharger sur le feed ?,Akışa yüklensin mi?
SCREENSHOT_SCREENSHOTEDIT,编辑,编辑,編輯,Edit,편집,編集,แก้ไข,Edit,Редактировать,Modifica,Editar,Editar,Chỉnh Sửa,Modifier,Düzenle
SCREENSHOT_UPLOAD,发布作品,发布作品,分享貼文,Upload to feed,피드 올리기,FEEDに投稿,แชร์ลงบนฟีด,Unggah ke feed,Загрузить в ленту,Condividi nel feed,Enviar para o feed,Cargar al feed,Đăng lên feed,Télécharger sur le feed,Akışa yükle
SCREENSHOT_TOASTFAIL,失败,失败,失敗,Failed,실패,失敗,ล้มเหลว,Gagal,Сбой,Operazione non riuscita,Falhou,Fallo,Thất Bại,Échec,Başarısız
SCREENSHOT_TOASTSUCCESS,完成,完成,成功,Completed,완료,完了,สำเร็จ,Berhasil,Завершено,Operazione completata,Concluído,Completada,Hoàn Tất,Terminé,Tamamlandı
SCREENSHOT_TOASTPROGRESS,进行中...,进行中...,進行中,In progress,진행중…,進行中,กำลังดำเนินการ,Sedang berlangsung,Выполняется,Operazione in corso...,Em andamento,En progreso,Đang Tiến Hành,En cours,Devam ediyor
SCREENSHOT_PREVIEWUPLOAD,发布作品,发布作品,分享貼文,Upload to feed,피드 올리기,FEEDに投稿,แชร์ลงบนฟีด,Unggah ke feed,Загрузить в ленту,Condividi nel feed,Enviar para o feed,Cargar al feed,Đăng lên feed,Télécharger sur le feed,Akışa yükle
SCREENSHOT_PREVIEWDESCRIPTIONTITLE,咦，你们都躲到哪里去了呢？,咦，你们都躲到哪里去了呢？,咦，你們都躲到哪裏去了呢？,"Why, where have you all been hiding?",응? 다들 어디에 숨었지?,おや、きみたちは、どこへかくれてしまったのでしょう。,พวกเธอไปซ่อนอยู่ ที่ไหนกันมา,"Yee, di mana kalian bersembunyi?",Где вы все прячетесь?,"Hai, dove ti sei nascosto?","Então, onde é que vocês se esconderam?",¿Dónde os habéis escondido?,Các cậu trốn ở đâu vậy?,Mais où vous êtes-vous tous cachés?,"Hey, hepiniz nerede saklan谋yordunuz?"
SCREENSHOT_PREVIEWFEEDMESSAGEPLACEHOLDER,#ZEPETO#百变躲猫猫#躲猫猫#捉迷藏,#ZEPETO#百变躲猫猫#躲猫猫#捉迷藏,#ZEPETO#捉迷藏,#ZEPETO#HideandSeek,#ZEPETO#숨바꼭질,#ZEPETO#かくれんぼ,#ZEPETO#ซ่อนหา,#ZEPETO#Petak Umpet,#ZEPETO#Прятки,#ZEPETO#Nascondino magico,#ZEPETO#Esconde-Esconde,#ZEPETO#Escondite,#ZEPETO#Trốn Tìm,#ZEPETO#Cache-Cache,#ZEPETO#Saklambaç
SCREENSHOT_TOASTMAXCHARACTER,最多150字,最多150字,字數限制在150字以內。,Please write it within 150 characters or less.,150자 이내로 작성해주세요.,150字以内で作成してね,กรุณาเขียนไม่เกิน 150 ตัวอักษร,Silakan tulis dengan 150 karakter atau kurang.,Макс. количество символов — 150.,Scegli un nome composto al massimo da 150 caratteri.,Escreva até 150 caracteres.,Escribe menos de 150 caracteres.,Viết giới hạn trong 150 ký tự.,Veuillez l'écrire en 150 caractères ou moins.,Lütfen 150 karakteri geçmeden yaz.
loading_ui_title,LOADING,LOADING,LOADING,LOADING,LOADING,LOADING,LOADING,LOADING,LOADING,LOADING,LOADING,LOADING,LOADING,LOADING,LOADING
Button_OK,确认,确认,確認,confirmation,확인,確認,ตรวจสอบ,konfirmasi,подтверд,confermare,confirmação,confirmación,Xác nhận,La confirmation,onaylamak
Change_ui_title,选择变身,选择变身,變身,Transform,변신,変身,แปลงร่าง,Berubah,Преображение,Trasformati,Transformar,Transformar,Biến Hình,Transformer,Dönüşüm
Change_ui_title_button_1,还原,还原,還原,reduction,초기화,还元,เรียกคืน,pengurangan,восстановлен,riduzione,redução,restauración,Phục hồi,La réduction,kesinti
Change_ui_title_button_2,变身,变身,變身,Transform,변신,変身,แปลงร่าง,Berubah,Преображение,Trasformati,Transformar,Transformar,Biến Hình,Transformer,Dönüşüm
Toast_wait_tip,正在等待一起体验的玩家,正在等待一起体验的玩家,正在等候朋友的參與,Waiting for friends to play with,함께 플레이할 친구를 기다리는 중,一緒にプレイする友達を待機中,กำลังรอเพื่อนที่จะมาเล่นด้วยกัน,Menunggu teman untuk bermain bersama,"Ждем друзей, с которыми будем играть",In attesa di altri giocatori,Aguardando amigos para jogar,Esperando amistades para jugar,Đang đợi bạn chơi cùng,En attente d'amis avec qui jouer,Oynamak için arkadaşlar bekleniyor
Toast_wait_content,4人以上才能参赛,4人以上才能参赛,至少4人以上才能開始遊戲。,You need 4 or more people to start,4명 이상 모여야 시작할 수 있어요.,４名以上でスタート,ต้องมีเพื่อน 4 คนขึ้นไปถึงจะเริ่มได้,Butuh 4 orang atau lebih untuk mulai,Для начала требуется как минимум 4 игрока,Per il gioco è richiesta la partecipazione di almeno 4 utenti,É preciso 4 pessoas ou mais para começar,Necesitas 4 o más personas para empezar,Bạn cần 4 người hoặc nhiều hơn để bắt đầu,Vous avez besoin de 4 personnes ou plus pour commencer,Başlamak için 4 veya daha fazla kişiye ihtiyacın var
Toast_ready_start,即将开始,即将开始,準備,Ready,준비,準備,เตรียมพร้อม,Siap,Готовы,Partita pronta,Pronto,Todo listo,Sẵn Sàng,Prêt,Hazır
Toast_hider_tip,你是躲藏者，变身物品藏起来吧,你是躲藏者，变身物品藏起来吧,請變身為物件躲避追捕者。,Transform into a prop to hide from the hunter.,사물로 변신해 술래를 피해 숨으세요.,物に変身して鬼から隠れよう！,แปลงร่างเป็นสิ่งของเพื่อซ่อนตัวจากฮันเตอร์,Berubah menjadi benda untuk bersembunyi dari pemburu.,"Преображайтесь в предметы, чтобы прятаться от охотника.",Trasformati in un oggetto per non farti trovare dai cercatori.,Transforme-se em um objeto para se esconder do caçador.,Transfórmate en objeto para ocultarte del cazador.,Biến thành đồ vật để trốn thợ săn.,Transforme-toi en accessoire pour te cacher du chasseur.,Arayıcı'dan saklanmak için bir nesneye dönüş.
Toast_hunter_tip,你是寻找者，距离寻找开始还有,你是寻找者，距离寻找开始还有,請用手電筒照看匿藏在物件裡的朋友。,Shine the flashlight to find the hidden friends.,손전등을 비춰 숨은 친구들을 찾으세요.,懐中電灯を照らして隠れている友達を見つけよう！,ส่องไฟฉายเพื่อหาเพื่อนๆ ที่ซ่อนอยู่,Sorotkan senter untuk menemukan teman-teman yang bersembunyi.,"Светите фонариком, чтобы находить прячущихся друзей.",Usa la torcia per trovare tutti i giocatori nascosti.,Ligue a lanterna para achar os amigos escondidos.,Alumbra con la linterna para encontrar a tus amistades escondidas.,Chiếu đèn pin để tìm những người bạn đang trốn.,Sers-toi de la lampe de poche pour trouver tes amis cachés.,Gizlenen arkadaşlarını bulmak için el fenerini aç.
Toast_hider_beFound,被发现啦，隐身技能可以帮到你哦,被发现啦，隐身技能可以帮到你哦,你被追捕者發現了。請使用隱身技能逃避。,You've been caught by the hunter. Escape using the stealth skill.,술래에게 걸렸어요. 은신 스킬로 도망쳐요.,鬼に見つかったよ！隠れスキルで逃げられるよ！,ถูกฮันเตอร์จับได้แล้ว ใช้สกิลซ่อนตัวเพื่อหลบหนี,Anda telah tertangkap oleh pemburu. Kabur dengan skill menghilang.,"Охотник поймал вас. Бегите, используя навык скрытности.",Ti hanno catturato. Fuggi usando l'abilità furtiva.,O caçador capturou você. Use a habilidade furtiva para escapar.,Te atrapó el cazador. Escapa mediante la habilidad furtiva.,Bạn đã bị thợ săn bắt. Sử dụng kỹ năng ẩn mình để trốn thoát.,Tu as été attrapé par le chasseur. Échappe-toi en utilisant la compétence spéciale furtivité.,Arayıcı tarafından yakalandın. Gizlilik becerisini kullanarak kaç.
Toast_hider_dead,你已阵亡，正在观战,你已阵亡，正在观战,你已被追捕者抓住，因此進入旁觀者模式。,You've been caught by the hunter. Entering Spectator Mode.,술래에게 잡혀 관전 모드로 진입했어요.,鬼に捕まったから視聴モードになったよ,เข้าสู่โหมดผู้ชมเนื่องจากถูกฮันเตอร์จับตัวได้,Anda telah tertangkap oleh pemburu. Memasuki Mode Spektator.,Охотник поймал вас. Переключение в режим наблюдателя.,Ti hanno catturato. Passaggio alla modalità spettatore.,O caçador capturou você. Entrando no Modo espectador.,Te atrapó el cazador. Entrarás en el modo espectador.,Bạn đã bị thợ săn bắt. Vào Chế Độ Người Xem.,Vous avez été attrapé par le chasseur. Passage en mode spectateur.,Arayıcı tarafından yakalandın. İzleyici Moduna Giriliyor.
Toast_hunter_kill,成功找到躲藏者，真棒,成功找到躲藏者，真棒,你找到了隱藏的朋友。,You've found the hidden friend.,숨은 친구를 찾았어요.,隠れている友達をみっけ！,เจอเพื่อนที่ซ่อนตัวอยู่แล้ว,Anda menemukan teman yang bersembunyi.,Вы нашли прячущегося друга.,Hai trovato un giocatore nascosto.,Você achou um amigo escondido.,Encontraste a tu amistad escondida.,Bạn đã tìm thấy một người bạn bị giấu.,Vous avez trouvé l'ami caché.,Gizlenen arkadaşını buldun.
Toast_peak_tip,巅峰时刻,巅峰时刻,回合結束前1分鐘！,1 minute before the round ends!,라운드 종료 1분 전!,ラウンド終了1分前！,เหลืออีก 1 นาทีก่อนจะจบรอบ!,1 menit lagi sebelum ronde selesai!,До конца раунда осталась 1 минута!,Manca solo 1 minuto alla fine del round!,1 minuto até o fim da rodada!,¡Falta 1 minuto para el final de la ronda!,1 phút trước khi vòng đấu kết thúc!,1 minute avant la fin de cette partie !,Turun bitmesine 1 dakika kaldı!
Toast_peak_content,躲藏者血量大幅提升，寻找者获得扫描功能,躲藏者血量大幅提升，寻找者获得扫描功能,匿藏者隊能量暴增，追捕者隊獲得掃描技能。,"The Prop Team's energy has dramatically increased, and the Hunter Team has gained the scanning skill.","사물팀의 에너지가 대폭 상승하고, 술래팀은 스캔 스킬을 얻었어요.",物チームのパワー急上昇中！鬼チームはスキャンスキルを獲得したよ,เอเนอจี้ของทีมพร็อบเพิ่มขึ้นเป็นจำนวนมาก ส่วนทีมฮันเตอร์ได้รับสกิลสแกน,"Energi Tim Benda telah meningkat pesat, dan Tim Pemburu memperoleh skill melacak.","Команда предметов получила значительную прибавку к энергии, а команда охотников приобрела навык сканирования.",L’energia del team dei giocatori nascosti è aumentata notevolmente mentre il team dei cercatori ha ottenuto l’abilità di ispezione.,"A energia da Equipe Objeto aumentou drasticamente, e a Equipe Caçadora ganhou a habilidade de varredura.",La energía del equipo Objeto aumentó significativamente y el equipo Cazador consiguió la habilidad escaneo.,"Năng lượng của Đội Con Mồi đã tăng lên rất nhiều, và Đội Thợ Săn đã đạt được kĩ năng quét.","L'énergie de l'équipe des accessoires a considérablement augmenté, et l'équipe de chasseurs a gagné la compétence spéciale de balayage de zone.",Gizlenme Takımı'nın enerjisi önemli ölçüde arttı ve Arayıcı Takım tarama becerisi kazandı.
Toast_buff_duration,距离现身,距离现身,截止隱身效果結束,until the stealth effect ends,은신 효과 종료까지,隠れスキル終了まで,จนกว่าเอฟเฟกต์พรางตัวจะสิ้นสุดลง,Sampai efek menghilang habis,пока не завершится действие скрытности,fino alla fine dell'effetto furtivo,até terminar o efeito furtivo,hasta el final del efecto furtivo,cho đến khi kĩ năng ẩn mình hết hiệu lực,jusqu'à la fin de l'effet de furtivité,gizlilik etkisi sona erene kadar
Toast_status_lock,状态已锁定,状态已锁定,鎖定狀態,Locked,잠금 상태,ロック状態,ล็อก,Terkunci,Заблокировано,Stato bloccato,Bloqueado,Bloqueado,Bị Khóa,Verrouillé,Kilitli
Toast_status_unlock,锁定状态已解除,锁定状态已解除,解鎖狀態,Unlock,잠금 상태 해제,ロック解除,ปลดล็อก,Buka,Разблокировать,Stato sbloccato,Desbloquear,Desbloquear,Gỡ Khóa,Déverrouiller,Kilidi aç
Toast_hider_beScan,已被扫描，注意躲藏,已被扫描，注意躲藏,追捕者剛掃描了周邊環境，請趕快隱身。,The hunter scanned the surrounding. Hide quickly.,술래가 주변을 스캔했어요. 빨리 숨으세요.,鬼がスキャン中だよ！早く逃げて！,ฮันเตอร์สแกนบริเวณรอบๆ แล้ว รีบซ่อนตัวเร็วเข้า,Pemburu melacak sekitar. Segera bersembunyi.,Охотник просканировал обстановку. Прячьтесь скорее.,Il cercatore sta ispezionando l’ambiente di gioco circostante. Nasconditi rapidamente.,"O caçador fez uma varredura nos arredores. Esconda-se, rápido.",El cazador escaneó los alrededores. Ocúltate rápido.,Thợ săn đang quét xung quanh. Trốn thật nhanh.,Le chasseur a scanné les environs. Cachez-vous rapidement.,Arayıcı çevreyi taradı. Çabuk saklan.
Toast_hunter_Scan,扫描到了躲藏者，请注意,扫描到了躲藏者，请注意,剛掃描了周邊環境，請趕快找找看。,You've scanned the surrounding. Search quickly.,주변을 스캔했어요. 빨리 찾아보세요.,周辺をスキャン中！早く探してみて！,สแกนบริเวณรอบๆ แล้ว รีบหาเร็วเข้า,Anda telah melacak sekitar. Segera cari.,Вы просканировали обстановку. Ищите скорее.,Hai ispezionato l'ambiente circostante. Effettua una ricerca rapida.,"Você fez uma varredura nos arredores. Procure, rápido.",Escaneaste los alrededores. Busca rápidamente.,Đã quét xung quanh. Tìm thật nhanh.,Vous avez inspecté les environs. Cherchez rapidement.,Çevreyi taradın. Hızlıca ara.
Toast_round_over,回合结束,回合结束,回合結束,Round Over,라운드 종료,ラウンド終了,จบรอบแล้ว,Ronde Selesai,Конец раунда,Round terminato,Fim da rodada,Ronda finalizada,Kết Thúc Ván Đấu,La partie est terminée,Tur Sona Erdi
Toast_game_over,游戏结束,游戏结束,遊戲結束,Game Over,플레이 종료,ゲームオーバー,เกมจบแล้ว,Permainan Berakhir,Конец игры,Partita terminata,Fim do jogo,Partida finalizada,Game Over,Jeu terminé,Oyun Bitti
Rule_ui_title,百变躲猫猫,百变躲猫猫,捉迷藏,Hide & Seek,숨바꼭질,かくれんぼ,ซ่อนหา,Petak Umpet,Прятки,Nascondino magico,Esconde-Esconde,Escondite,Trốn Tìm,Cache-Cache,Saklambaç
Rule_button_1,玩法说明,玩法说明,玩法說明,Tutorial,튜토리얼,チュートリアル,โหมดฝึกสอน,Tutorial,Обучение,Tutorial,Tutorial,Tutorial,Hướng Dẫn,Tutoriel,Öğretici
Rule_button_2,技能说明,技能说明,技能說明,Skill Description,스킬 설명,スキル説明,คำอธิบายสกิล,Deskripsi Skill,Описание навыка,Descrizione abilità,Descrição da habilidade,Descripción de habilidad,Miêu Tả Kĩ Năng,Description des compétences,Beceri Açıklaması
Rule_Desc_1_1,使用手电筒的光柱持续扫描躲藏者，可以对其造成伤害，快去找躲藏者吧！,使用手电筒的光柱持续扫描躲藏者，可以对其造成伤害，快去找躲藏者吧！,請用手電筒照看物件降低能量。當耗盡所有能量，將能找出隱藏在物件裡的匿藏者。,Shine the flashlight on props to deplete their energy. Deplete all their energy to find the hidden Prop Team.,손전등으로 사물을 비춰 에너지를 깎아요. 모든 에너지를 깎으면 숨어있던 사물팀을 찾을 수 있어요.,懐中電灯で物を照らしてパワーを減らします。 すべてのパワーを減らすことで隠れていた物チームを見つけることができます。,ส่องไฟฉายที่สิ่งของเพื่อลดเอเนอจี้ หากเอเนอจี้ทั้งหมดลดลงจนหมดจะเจอทีมพร็อบที่ซ่อนตัวอยู่,Sorot senter pada benda untuk menguras energi mereka. Kuras semua energi mereka untuk menemukan Tim Benda tersembunyi.,"Светите фонариком на предметы, чтобы лишать их энергии. Поглотите всю энергию предмета, чтобы найти команду прячущихся предметов.",Punta la luce della torcia sugli oggetti per esaurire la loro energia e trovare tutti i giocatori nascosti.,Aponte a luz da lanterna para os objetos para esgotar a energia deles. Esgote toda a energia dos adversários para revelar a Equipe Objeto.,Alumbra objetos con la linterna para quitarles la energía. Quítales toda la energía para encontrar al equipo Objeto escondido.,Chiếu đèn pin vào đồ vật để giảm năng lượng của chúng. Giảm hết năng lượng của chúng để tìm Đội Con Mồi đang trốn.,Allumez la lampe de poche sur les accessoires pour épuiser leur énergie. Videz toute leur énergie pour démasquer ceux qui se sont transformés en accessoires.,Onların enerjisini tüketmek için el fenerini nesnelerine üzerine tut. Bir yerlerde saklanan Gizlenme Takımı'nı bulmak için onların tüm enerjilerini tüket.
Rule_Desc_1_2,变身成各种物品躲藏起来，也可使用隐身道具进行逃跑哦！,变身成各种物品躲藏起来，也可使用隐身道具进行逃跑哦！,變身為物件隱身或使用隱身技能躲避追捕者。,Transform into a prop to hide or use the stealth skill to avoid the hunter.,"사물로 변신해 숨거나, 은신 스킬을 사용해 술래를 피할 수 있어요.",物に変身して隠れたり、隠れスキルを使って鬼を避けることができます。,แปลงร่างเป็นสิ่งของเพื่อซ่อนตัวหรือใช้สกิลพรางตัวเพื่อหลบฮันเตอร์,Berubah menjadi benda atau sembunyi menggunakan skill menghilang untuk menghindari pemburu.,"Преображайтесь в предметы, чтобы прятаться, или используйте навык скрытности, чтобы не попасться охотнику.",Trasformati in un oggetto per nasconderti o utilizza l'abilità furtiva per evitare i giocatori cercatori.,Transforme-se em um objeto para se esconder do caçador.,Transfórmate en objeto para ocultarte o utiliza la habilidad furtiva para eludir al cazador.,Biến thành đồ vật để trốn hoặc dùng kĩ năng ẩn mình để tránh thợ săn.,Transformez-vous en accessoire pour vous cacher ou utilisez la compétence furtivité pour éviter le chasseur.,Saklanmak için bir nesneye dönüş veya Arayıcı'dan kaçmak için gizlilik becerisini kullan.
Rule_Desc_2_1,寻找者使用手电筒，利用光柱扫描躲藏者，对其造成伤害！,寻找者使用手电筒，利用光柱扫描躲藏者，对其造成伤害！,追捕者隊請用手電筒照看物件降低能量。當耗盡所有能量，將能找出隱藏在物件裡的匿藏者。,The Hunter Team will shine the flashlight on props to deplete their energy. Depleting all their energy will reveal the hidden Prop Team.,술래팀은 손전등으로 사물을 비춰 에너지를 깎아요. 모든 에너지를 깎으면 숨어있던 사물팀을 찾을 수 있어요.,鬼チームは懐中電灯で物を照らしてパワーを減らします。 すべてのパワーを減らすことで隠れていた物チームを見つけることができます。,ทีมฮันเตอร์จะส่องไฟฉายไปยังสิ่งของเพื่อลดเอเนอจี้ เมื่อเอเนอจี้ลดลงจนหมด จะเจอทีมพร็อบที่ซ่อนตัวอยู่,Tim Pemburu akan menyorot senter pada benda untuk menguras energinya. Menguras energi akan mengungkap Tim Benda yang bersembunyi.,"Команда охотников будет светить фонариком на предметы, чтобы лишать их энергии. Если поглотить всю энергию предметов, команда прячущихся предметов будет раскрыта.",I giocatori cercatori punteranno la luce della torcia sugli oggetti per esaurire la loro energia e rivelare la posizione tutti i giocatori nascosti.,"A Equipe Caçadora apontará a luz da lanterna nos objetos para esgotar a energia deles. Se toda a energia for esgotada, a Equipe Objeto será revelada.","El equipo Cazador alumbrará los objetos con la linterna para quitarles la energía. Al hacerlo, el equipo Objeto quedará al descubierto.",Đội Thợ Săn sẽ chiếu đèn pin vào đồ vật để làm giảm năng lượng của chúng. Làm giảm tất cả năng lượng của chúng để tìm ra Đội Con Mồi đang trốn.,"L'équipe des chasseurs braquera la lampe de poche sur les accessoires pour épuiser leur énergie. De cette façon, ils découvriront qui sont ceux qui se sont transformés en accessoires pour se cacher.","Arayıcı Takım, Gizlenme Takımı'nın enerjisini tüketmek için el fenerini nesnelerin üzerine tutacaktır. Tüm enerjilerini tüketmek saklanan Gizlenme Takımı'nı ortaya çıkaracaktır."
Rule_Desc_2_2,躲藏者使用隐身道具，短暂时间可以躲避寻找者！,躲藏者使用隐身道具，短暂时间可以躲避寻找者！,匿藏者隊可變身為物件隱身或使用隱身技能躲避追捕者。,The Prop Team can transform into a prop or use the stealth skill to avoid the hunter.,"사물팀은 사물로 변신해 숨거나, 은신 스킬을 사용해 술래를 피할 수 있어요.",物チームは物に変身して隠れたり、隠れスキルを使って鬼を避けることができます。,ทีมพร็อบสามารถแปลงร่างเป็นสิ่งของหรือใช้สกิลพรางตัวเพื่อหลบเลี่ยงฮันเตอร์ได้,Tim Benda bisa berubah menjadi benda atau menggunakan skill menghilang untuk menghindari pemburu.,"Команда предметов может преображаться в предметы, чтобы прятаться, или использовать навык скрытности, чтобы не попасться охотнику.",I giocatori nascosti possono trasformarsi in un oggetto o utilizzare l’abilità furtiva per evitare i cercatori.,A Equipe Objeto pode se transformar em um objeto ou usar a habilidade de furtiva para fugir o caçador.,El equipo Objeto puede transformarse en objetos o utilizar la habilidad furtiva para eludir al cazador.,Đội Con Mồi có thể biến thành đồ vật hoặc dùng kĩ năng ẩn mình để tránh đội thợ săn.,L'équipe d'accessoires peut se transformer en accessoire ou utiliser la compétence furtivité pour éviter le chasseur.,Gizlenme Takımı bir nesneye dönüşebilir veya Arayıcı'dan kaçınmak için gizlilik becerisini kullanabilir.
Rule_Desc_2_3,躲藏者可以使用镜头锁定功能，获得更好的视野！,躲藏者可以使用镜头锁定功能，获得更好的视野！,變身為物件後，如果屬於鎖定狀態，可獲得更廣的視野。,"After transforming into a prop, enter the locked state to secure a wider view","사물로 변신한 후, 잠금 상태가 되면 더 넓은 시야를 확보할 수 있어요.",物に変身した後、ロック状態になるとより広い視野を確保できます。,เมื่อแปลงร่างเป็นพร็อบและเข้าสู่สถานะล็อกแล้ว จะได้เห็นมุมมองที่กว้างขึ้น,"Setelah berubah menjadi benda, masuki kondisi terkunci untuk mengaktifkan penglihatan luas.","Превратившись в предмет, войдите в заблокированное состояние, чтобы получить более широкий угол обзора.","A trasformazione avvenuta, passa allo stato bloccato per avere una visione più ampia","Após transformar-se em um objeto, ative o bloqueio de ações para uma visualização mais ampla","Después de transformarte en un objeto, accede al modo bloqueado para asegurarte una visión más amplia.","Sau khi biến thành đồ vật, bước vào trạng thái bị khóa để có được tầm nhìn rộng hơn","Après s'être transformé en accessoire, entrez dans l'état verrouillé pour obtenir une vue plus large.","Bir nesneye dönüştükten sonra, daha geniş bir görüş elde etmek için kilitli durumuna gir"
Rule_Desc_2_4,寻找者使用雷达扫描，短时间内可以检测到躲藏者！,寻找者使用雷达扫描，短时间内可以检测到躲藏者！,尋找者使用雷達掃描，短時間內可以檢測到躲藏者！,The seeker uses radar scanning to detect the seeker in a short period of time!,스캔 스킬로 주변 사물을 스캔할수 있어요. 잘 활용해 보세요.,探索者はレーダースキャンを使用して短時間で隠れ家を検出することができます!,การค้นหาโดยใช้เรดาร์สามารถตรวจจับบุคคลที่ซ่อนอยู่ได้ในระยะเวลาอันสั้น!,Pencari bisa mendeteksi orang yang bersembunyi dalam waktu singkat dengan melakukan scan menggunakan radar!,"Те, кто ищет, могут использовать радар для сканирования, чтобы обнаружить людей, которые скрываются в течение короткого времени!","Se siete un cacciatore, usando il radar, potete rilevare in breve tempo qualcuno che si nasconde!",O seeker usa a varredura de radar e pode detectar escondidos por um curto período de tempo!,¡El buscador utiliza el escaneo de radar y en poco tiempo puede detectar a los escondidos!,Người tìm kiếm sử dụng máy quét radar để phát hiện kẻ trốn trong một thời gian ngắn!,Searchers utilise le balayage radar et peut détecter les personnes cachées pendant une courte période!,Searchker radar taraması kullanır ve HID kısa sürede algılanabilir!
Hide_change_title,选择变身,选择变身,請選擇將要變身的物件,Select a prop to transform into,변신할 사물 선택,変身する物を選択,เลือกพร็อบที่จะแปลงร่าง,Pilih benda untuk ditiru,"Выберите предмет, в который вы хотите превратиться",Seleziona l’oggetto in cui desideri trasformarti,Selecione um objeto para se transformar,Selecciona un objeto en el que transformarte,Chọn 1 đồ vật để biến hình,Sélectionnez un accessoire pour vous transformer en lui,Dönüşeceğin nesneyi seç
Hide_reselection,重选,重选,重新選擇,Reselect,다시 선택,もう一度選ぶ,เลือกอีกครั้ง,Pilih ulang,Выбрать повторно,Seleziona di nuovo,Selecionar novamente,Reseleccionar,Chọn Lại,Re-sélectionnez,Yeniden Seç
Hide_button_lock,物品锁定,物品锁定,鎖定,Locked,잠금,ロック,ล็อก,Terkunci,Заблокировано,Stato bloccato,Bloquear,Bloqueado,Bị Khóa,Verrouillé,Kilitli
Hide_button_unlock,物品解锁,物品解锁,解鎖,Unlock,잠금 해제,ロック解除,ปลดล็อก,Buka,Разблокировать,Stato sbloccato,Desbloquear,Desbloquear,Gỡ Khóa,Déverrouiller,Kilidi aç
Hide_sight_button_3,自由视角,自由视角,預覽,Preview,프리뷰,プレビュー,พรีวิว,Pratinjau,Предварительный просмотр,Anteprima,Visualizar,Vista previa,Xem Trước,Aperçu,Önizleme
Hide_sight_button_4,退出自由视角,退出自由视角,預覽結束,End Preview,프리뷰 종료,プレビュー終了,จบพรีวิว,Akhiri Pratinjau,Выйти из режима предварительного просмотра,Termina anteprima,Encerrar visualização,Finalizar vista previa,Kết Thúc Xem Trước,Fin de l'aperçu,Önizlemeyi sonlandır
Watch_game_1,观战中,观战中,旁觀者模式,Spectator Mode,관전 모드,視聴モード,โหมดผู้ชม,Mode Spektator,Режим наблюдателя,Modalità spettatore,Modo espectador,Modo Espectador,Chế Độ Người Xem,Mode spectateur,İzleyici Modu
Ending_title_1,躲藏者胜利,躲藏者胜利,匿藏者隊獲得勝利,Prop Team Won,사물팀 승리,物チームの勝利,ทีมพร็อบชนะ,Tim Benda Menang,Команда предметов победила,Il team dei giocatori nascosti ha vinto,Vitória da Equipe Objeto,Ganó el equipo Objeto,Đội Con Mồi Thắng,L'équipe des accessoires a gagné,Gizlenme Takımı Kazandı
Ending_title_2,寻找者胜利,寻找者胜利,追捕者隊獲得勝利,Hunter Team Won,술래팀 승리,鬼チームの勝利,ทีมฮันเตอร์ชนะ,Tim Pemburu Menang,Команда охотников победила,Il team dei giocatori cercatori ha vinto,Vitória da Equipe Caçadora,Ganó el equipo Cazador,Đội Thợ Săn Thắng,L'équipe des chasseurs a gagné,Arayıcı Takımı Kazandı
Ending_content_1,最佳躲藏者,最佳躲藏者,匿藏者隊最佳玩家,Prop Team's play of the game,사물팀 최고의 플레이어,物チームのベストプレイヤー,ผู้เล่นยอดเยี่ยมของทีมพร็อบ,MVP Tim Benda,Лучший игрок команды предметов,Miglior giocatore del team dei nascosti,Melhor jogador da Equipe Objeto,Mejor jugador/a del equipo Objeto,Người chơi giỏi nhất của Đội Con Mồi,Moment clé de la partie de l'équipe des accessoires,Gizlenme Takımı'nın oyun performansı
Ending_content_2,最佳寻找者,最佳寻找者,追捕者隊最佳玩家,Hunter Team's play of the game,술래팀 최고의 플레이어,鬼チームのベストプレイヤー,ผู้เล่นยอดเยี่ยมของทีมฮันเตอร์,MVP Tim Pemburu,Лучший игрок команды охотников,Miglior giocatore del team dei cercatori,Melhor jogador da Equipe Caçadora,Mejor jugador/a del equipo Cazador,Người chơi giỏi nhất của Đội Thợ Săn,Moment clé de la partie de l'équipe des chasseurs,Arayıcı Takımı'nın oyun performansı
Ending_tips_1,倒计时结束，继续开始下一局吧！,倒计时结束，继续开始下一局吧！,請進行下一輪回合。,Proceed to next round,다음 라운드를 진행하세요.,次のラウンドに進んでね,เล่นรอบต่อไป,Lanjut ke ronde berikutnya,Начать следующий раунд,Partecipa al round successivo,Ir à próxima rodada,Pasar a la siguiente ronda,Sang vòng tiếp theo,Passer au tour suivant,Bir sonraki tura geç
Ending_tips_2,本局获得积分：{0},本局获得积分：{0},獲取分數{0},Earned Points {0},획득 포인트 {0},獲得ポイント {0},แต้มที่ได้รับ {0},Perolehan Poin {0},Заработано очков: {0},{0} punti accumulati,Pontos ganhos: {0},Puntos obtenidos: {0},Số Điểm Đã Đạt {0},Points gagnés {0},{0} Puan Kazanıldı
Outcome_title,本局排行,本局排行,回合排名,Round Ranking,라운드 랭킹,ラウンドランキング,การจัดอันดับรอบ,Peringkat Ronde,Рейтинг раунда,Classifica del round,Classificação da rodada,Clasificación de la ronda,Xếp Hạng Bảng Đấu,Classement de cette manche,Tur Sıralaması
Outcome_tips_1,倒计时结束，继续开始下一局吧！,倒计时结束，继续开始下一局吧！,請開始下一輪回合。,Start the next round!,다음 라운드를 시작하세요!,次のラウンドを始めよう！,เริ่มรอบต่อไป!,Mulai mode berikutnya!,Начните следующий раунд!,Inizia il prossimo round!,Comece a próxima rodada!,¡Empieza la siguiente ronda!,Bắt Đầu Vòng Tiếp Theo!,Commencez le prochain tour !,Bir sonraki tura başla!
Outcome_content_1,我的排名,我的排名,我的排名,My Ranking,나의 랭킹,マイランキング,อันดับของฉัน,Peringkat Saya,Мой рейтинг,La mia posizione in classifica,Minha classificação,Mi clasificación,Bảng Xếp Hạng của Tôi,Mon classement,Sıralamam
Outcome_content_2,累计积分,累计积分,總積分,Total Points,누적 포인트,トータルポイント,แต้มทั้งหมด,Poin Total,Всего очков,Punti totali,Total de pontos,Puntos totales,Tổng Điểm,Total des points,Toplam Puan
Rank_title,Ranking,Ranking,排名,Ranking,랭킹,ランキング,อันดับ,Peringkat,Рейтинг,Classifica,Classificação,Clasificación,Xếp Hạng,Classement,Sıralama
Rank_tips,赛季结束：每周一{0}点,赛季结束：每周一{0}点,賽季結束：每週一{0}時,End of Season: Every Monday at {0},시즌 종료 시간: 매주 월요일 {0}시,シーズン終了時間：毎週月曜{0},เวลาจบซีซั่น: ทุกวันจันทร์เวลา {0},Akhir Musim: Setiap Senin pada {0},Конец сезона: Каждый понедельник в {0},Fine della stagione: ogni lunedì alle {0},Fim da temporada: toda segunda-feira às {0},Fin de temporada: cada lunes a las {0},Cuối Mùa Giải: lúc {0} mỗi Thứ Hai,Fin de saison : chaque lundi à {0},Sezon Sonu: Her Pazartesi {0} Saatinde
Rank_content_1,我的排名,我的排名,我的排名,My Ranking,나의 랭킹,マイランキング,อันดับของฉัน,Peringkat Saya,Мой рейтинг,La mia posizione in classifica,Minha classificação,Mi clasificación,Bảng Xếp Hạng của Tôi,Mon classement,Sıralamam
Rank_content_2,累计积分,累计积分,總積分,Total Points,누적 포인트,トータルポイント,แต้มทั้งหมด,Poin Total,Всего очков,Punti totali,Total de pontos,Puntos totales,Tổng Điểm,Total des points,Toplam Puan
Reward_title,排行奖励,排行奖励,排名獎勵,Ranking Reward,랭킹 보상,ランキングボーナス,รางวัลอันดับ,Hadiah Peringkat,Награда за рейтинг,Premi classifica,Recompensa da classificação,Recompensa de clasificación,Phần Thưởng Xếp Hạng,Récompense pour le classement,Sıralama Ödülü
Reward_list_1,第{0}名,第{0}名,第{0}名,Rank {0},{0}위,{0}位,อันดับ {0},Peringkat {0},Ранг {0},Classifica {0},Posição: {0}.º,Puesto {0},Hạng {0},Rang {0},{0}. Sıra
Reward_list_2,前{0}名,前{0}名,第{0}名,Rank {0},{0}위,{0}位,อันดับ {0},Peringkat {0},Ранг {0},Classifica {0},Posição: {0}.º,Puesto {0},Hạng {0},Rang {0},{0}. Sıra
Reward_list_3,TOP{0}%,TOP{0}%,前{0}%,TOP {0}%,TOP {0}%,TOP {0}%,TOP {0}%,TOP {0}%,Лучшие {0}%,Migliori {0}%,Top {0}%,TOP {0} %,TOP {0}%,TOP {0} %.,İLK %{0}
Reward_list_4,参与奖,参与奖,參加獎,Participation Prize,참가상,参加賞,รางวัลเข้าร่วม,Hadiah Partisipasi,Награда за участие,Premi di partecipazione,Prêmio de participação,Premio de participación,Phần Thưởng Tham Gia,Prix de participation,Katılım Ödülü
Reward_tips,需要在该赛季结束后7日内登录才能收到奖励,需要在该赛季结束后7日内登录才能收到奖励,你必須在賽季結束後的7天內重新登入才能獲得獎勵。,You must log in again within 7 days of the end of the season to receive rewards.,시즌 종료 후 7일 이내에 다시 접속해야 보상을 받을 수 있어요.,シーズン終了後7日以内に再ログインしないとボーナスをゲットできなしよ,ต้องเข้าสู่ระบบภายใน 7 วันหลังจากซีซั่นสิ้นสุดลงเพื่อรับรางวัล,Anda harus login lagi dalam 7 hari sejak akhir musim untuk menerima hadiah.,"Зайдите в игру еще раз в течение 7 дней после конца сезона, чтобы получить награду.",Devi effettuare il login entro 7 giorni dalla fine della stagione per ricevere tutti i tuoi premi.,"Para receber as recompensas, você deve iniciar sessão novamente dentro de 7 dias a partir do final da temporada.","Para recibir recompensas, deberás iniciar sesión dentro de los 7 días posteriores al fin de la temporada.",Bạn phải đăng nhập lại trong vòng 7 ngày cuối mùa giải để nhận thưởng.,Vous devez vous reconnecter dans les 7 jours qui suivent la fin de la saison pour recevoir des récompenses.,Ödülleri almak için sezon bitiminden sonraki 7 gün içinde tekrar giriş yapmalısın.
Tips_toast,连接失败，无法连接服务器，请检查您的网络,连接失败，无法连接服务器，请检查您的网络,無法連線到伺服器，請檢查網路狀態。,Cannot connect to the server. Please check the network status.,서버에 접속할 수 없어요. 네트워크 상태를 확인해 주세요.,サーバーにアクセスできません。ネットワーク状況を確認してください。,ไม่สามารถเชื่อมต่อเซิร์ฟเวอร์ได้ โปรดตรวจสอบสถานะเครือข่ายอีกครั้ง,Tidak bisa menghubungkan ke server. Mohon periksa status jaringan.,Не удается подключиться к серверу. Проверьте статус сети.,Impossibile connettersi al server. Verifica lo stato della rete.,Não foi possível conectar-se ao servidor. Verifique o status da rede.,No se pudo conectar al servidor. Comprueba el estado de la red.,Không thể kết nối với server. Xin hãy kiểm tra tình trạng mạng.,Impossible de se connecter au serveur. Veuillez vérifier l'état du réseau.,Sunucuya bağlanılamıyor. Lütfen ağ durumunu kontrol et.
Reward_rank_tips,排行榜奖励发放<br>获得{0}个金币,排行榜奖励发放<br>获得{0}个金币,獲得{0}個 <br>排名獎勵貨幣。,Received <br>{0} Coin(s) as ranking reward.,랭킹 보상<br>{0}코인을 받았어요.,ランキングボーナス<br>{0}Coinゲット！,ได้รับ {0} เหรียญ<br>เป็นรางวัลอันดับ,Menerima <br>{0} Koin sebagai hadiah peringkat.,В награду за рейтинг получены монеты <br>x{0}.,Ha ricevuto <br>{0} Moneta/e come premio classifica.,Recebeu <br>{0} Moeda(s) como recompensa de classificação.,Recibiste <br>{0} moneda/s como recompensa de clasificación.,Đã nhận <br>{0} Xu như phần thưởng hạng.,A reçu <br>{0} pièce(s) comme récompense de classement.,Sıralama ödülü olarak <br>{0} Coin alındı.
Reward_rank_tips_1,排行榜奖励发放<br>获得{0}钻石,排行榜奖励发放<br>获得{0}个钻石,,,,,,,,,,,,,
Reward_daily_task_tips,获得{0}个金币,获得{0}个金币,獲得{0}個貨幣。,Received {0} Coin(s).,{0}코인을 받았어요.,{0}Coinゲット！,ได้รับคอยน์ {0} อัน,Menerima {0} Koin.,Вы получили монеты: {0}.,{0 } Moneta/e ricevuta/e,Recebeu {0} Moeda(s),Recibiste <br>{0} moneda/s.,Đã nhận {0} Xu.,A reçu {0} pièce(s).,{0} Coin alındı.
Reward_daily_task_tips_1,获得{0}个钻石,获得{0}个钻石,,,,,,,,,,,,,
Daily_task_tip_1,每日奖励,每日奖励,每日任務,Daily Quest,일일 퀘스트,デイリークエスト,เควสต์ประจำวัน,Misi Harian,Ежедневный квест,Missione del Giorno,Missão diária,Misión diaria,Nhiệm Vụ Hàng Ngày,Quête quotidienne,Günlük Görev
Daily_task_tip_2,今日活跃度,今日活跃度,完成度,Progress,진행도,進行状況,ความคืบหน้า,Kemajuan,Прогресс,Avanzamento,Progresso,Progreso,Tiến Độ,Progression,İlerleme Durumu
Daily_task_tip_3,GET,GET,GET,GET,GET,GET,GET,GET,ПОЛУЧИТЬ,OTTIENI,RECEBA,RECIBE,GET,GET,AL
Daily_task_claim,领取,领取,獲取,Claim,받기,受け取る,รับ,Ambil,Затребовать,Richiedi,Receber,Reclamar,Nhận,Réclamer,Talep Et
Daily_task_completed,已完成,已完成,完成,Completed,완료,完了,สำเร็จ,Selesai,Завершено,Missioni completate,Concluída,Completada,Đã Hoàn Thành,Terminé,Tamamlandı
Daily_task_name_1,每日打卡,每日打卡,簽到打卡,Attendance Check,출석 체크,ログインチェック,เช็กชื่อ,Cek Kehadiran,Проверка посещаемости,Verifica delle presenze,Marcando presença,Confirmación de asistencia,Điểm Danh,Contrôle de présence,Katılım Kontrolü
Daily_task_name_2,勤于练习,勤于练习,練習狂,Practice Master,연습벌레,練習マスター,ปรมาจารย์การฝึกซ้อม,Master Latihan,Мастер практики,Giocatore esperto,Mestre da prática,Maestría practicante,Chú Ong Chăm Chỉ,Maître des entraînements,Eğitim Ustası
Daily_task_name_3,寻找大师,寻找大师,追捕達人,Master Hunter,술래 장인,鬼の超人,ปรมาจารย์ฮันเตอร์,Master Pemburu,Главный охотник,Cercatore esperto,Mestre dos caçadores,Maestría cazadora,Bậc Thầy Đuổi Bắt,Maître Chasseur,Usta Arayıcı
Daily_task_name_4,躲藏专家,躲藏专家,變身達人,Prop Master,사물 변신 달인,物の変身達人,ปรมาจารย์พร็อบ,Master Benda,Мастер преображения в предметы,Miglior giocatore nascosto,Mestre dos objetos,Maestría transformadora,Bậc Thầy Ẩn Nấu,Maître des accessoires,Saklanma Ustası
Daily_task_name_5,时间达人,时间达人,時間旅行者,Time Traveler,시간 여행자,タイムトラベラー,นักท่องเวลา,Penjelajah Waktu,Путешественник во времени,Esploratore del tempo,Viajante do tempo,Trotamundos del tiempo,Nhà Du Hành Thời Gian,Voyageur du temps,Zaman Yolcusu
Daily_task_des_1,每日进入世界打卡,每日进入世界打卡,每日簽到打卡,Check in for attendance daily,매일 출석 체크하기,毎日ログインチェックする,เช็กชื่อทุกวัน,Cek in untuk kehadiran harian,Ежедневная проверка посещаемости,Verifica la presenza tutti i giorni,Marque presença diariamente,Confirma asistencia a diario,Điểm danh đăng nhập hàng ngày,Contrôle quotidien de la présence,Günlük katılım için giriş yap
Daily_task_des_2,每日完成4场百变躲猫猫,每日完成4场百变躲猫猫,捉迷藏遊戲玩4次,Play Hide & Seek 4 times,숨바꼭질 4회 플레이하기,かくれんぼを4回プレイする,เล่นซ่อนหา 4 ครั้ง,Mainkan Petak Umpet 4 kali,Сыграйте в «Прятки» 4 раза,Gioca a Nascondino magico 4 volte,Jogue Esconde-Esconde 4 vezes,Juega al Escondite 4 veces,Chơi Trốn Tìm 4 lần,Jouer à cache-cache 4 fois,4 kez Saklambaç oyna
Daily_task_des_3,做为寻找者胜利8场,做为寻找者胜利8场,作為追捕者隊贏得8場比賽,Win 8 games as Hunter Team,술래팀으로 8회 승리하기,鬼チームで8回勝利する,ชนะ 8 เกมในฐานะทีมฮันเตอร์,Menangkan 8 permainan sebagai Tim Pemburu,Выиграйте 8 игр за команду охотников,Vinci 8 partite nel team dei cercatori,Vença 8 partidas na Equipe Caçadora,Gana 8 partidas en en equipo Cazador,Chơi 8 ván làm Đội Thợ Săn,Gagner 8 parties en étant dans l'équipe des chasseurs,Arayıcı Takım olarak 8 oyun kazan
Daily_task_des_4,做为躲藏者胜利8场,做为躲藏者胜利8场,作為匿藏者隊贏得8場比賽,Win 8 games as Prop Team,사물팀으로 8회 승리하기,事チームで8回勝利する,ชนะ 8 เกมในฐานะทีมพร็อบ,Menangkan 8 permainan sebagai Tim Benda,Выиграйте 8 игр за команду предметов,Vinci 8 partite nel team dei giocatori nascosti,Vença 8 partidas na Equipe Objeto,Gana 8 partidas en en equipo Objeto,Chơi 8 ván làm Đội Con Mồi,Gagner 8 parties en étant dans l'équipe des accessoires,Gizlenme Takımı olarak 8 oyun kazan
Daily_task_des_5,每日体验时间达到30分钟(游戏结算生效),每日体验时间达到30分钟(游戏结算生效),每日玩30分鐘,Play 30 minutes daily,매일 30분 플레이하기,毎日30分プレイする,เล่น 30 นาทีทุกวัน,Bermain 30 menit setiap hari,Играйте в течение 30 минут каждый день,Gioca 30 minuti al giorno,Jogue 30 minutos todos os dias,Juega 30 minutos diarios,Chơi 30 phút mỗi ngày,Jouer 30 minutes par jour,Günde 30 dakika oyna
Barrage_tip_1,(寻找者){0},(寻找者){0},(追捕者){0},(Hunter){0},(술래){0},(鬼){0},(ฮันเตอร์){0},(Pemburu){0},(Охотник){0},(Cercatore){0},(Caçador){0},(Cazador){0},(Thợ Săn){0},(Chasseur){0},(Arayıcı){0}
Barrage_tip_2,(躲藏者){0},(躲藏者){0},(隱身者){0},(Prop){0},(사물팀){0},(隠れ役){0},(พร็อบ){0},(Benda){0},(Предмет){0},(Oggetto){0},(Objeto){0},(Objeto){0},(Con Mồi){0},(Accessoire){0},(Gizlenen){0}
Barrage_hider_1,快点啊，我等到花儿都谢了！！！,快点啊，我等到花儿都谢了！！！,到底還要等多久？！,What's taking so long?!,기다리다 해 다 지겠다!,待ってたら日が暮れちゃいそうだよ！,มัวแต่รอก็แพ้น่ะสิ!,Nunggu sampai lumutan nih!,Что так долго?!,Perché ci vuole così tanto tempo?!,Que demora é essa?!,¡¿Por qué tardan tanto?!,Sao lâu quá vậy?!,Qu'est-ce qui prend autant de temps ? !,Neden bu kadar uzun sürdü?!
Barrage_hider_2,没有办法，我就是这么强大！！！,没有办法，我就是这么强大！！！,我真的厲害！,I'm pretty good!,나 진짜 잘해!,私サイコー！,ฉันเก่งมากเลยนะเนี่ย!,Aku cukup hebat!,Берите пример с меня!,Tutto okay qui!,Eu mando bem demais!,¡Qué bien lo hago!,Mình hơi bị giỏi luôn!,Je suis plutôt doué !,Acayip iyiyim!
Barrage_hider_3,嘤嘤嘤......,嘤嘤嘤......,嗚嗚,T_T,ㅠㅠ,T_T,TT,T_T,ㅠㅠ,ㅠㅠ,ㅠㅠ,ㅠㅠ,ㅠㅠ,ㅠㅠ,ㅠㅠ
Barrage_hider_4,我噶了......,我噶了......,完蛋了。嗚嗚,I'm doomed T_T,나 망했어 ㅠㅠ,失敗した..,ฉันจบแล้วละ TT,Habislah aku T_T,Мне крышка ㅠㅠ,Sono spacciato/a ㅠㅠ,Já era pra mim ㅠㅠ,Hasta aquí llegué ㅠㅠ,Tiêu mình rồi ㅠㅠ,Je suis condamné ㅠㅠ,Mahvoldum ben ㅠㅠ
Barrage_hider_5,稳住，我们能赢！！！,稳住，我们能赢！！！,我們會贏得！！！,We can win this!!!,우리 이길 수 있어!!!,勝てるよ！！！,เรายังสามารถชนะได้!!!,Kita bisa menang!!!,Мы можем победить!!!,Possiamo vincere!!!,Podemos vencer!!!,¡¡¡Podemos ganar!!!,Chúng ta có thể thắng ván này!!!,On peut gagner ! !!,Bunu kazanabiliriz!!!
Barrage_hider_6,你过来呀！！！,你过来呀！！！,哈囉，我在這裡,I'm right here!,나 여기있지롱,ここだよ〜,อยู่ตรงนี้จ้า~,Aku di sini~,Я здесь...,Sono proprio qui!,Estou aqui,Estoy aquí mismo,Ta ở đây nè~,Je suis juste là~,Buradayım kii~
Barrage_hider_7,我躺平了......,我躺平了......,巴士很好,It's nice to be carried,버스 좋다,この人うますぎて余裕勝ち〜,แครี่ได้ดีมาก,Enaknya dibawa-bawa,"Люблю, когда меня носят на руках",Che bello essere trasportati!,Adoro quando me carregam,Da gusto que te lleven,Có người gánh tốt quá,C'est agréable d'être porté,Birinin destek atması güzelmiş
Barrage_hider_8,在找不到我，我回家了......,在找不到我，我回家了......,這裡沒有追捕者嗎？哈哈哈,Where are the hunters? lol,여기 술래하는 사람 없나? ㅋㅋㅋ,鬼いるよね？ 笑笑,ฮันเตอร์อยู่ไหนเนี่ย? 555,Mana yang nangkep? wkwkwk,Где охотники? лол,Dove sono i cercatori? lol,Cadê os caçadores? rsrs,¿Dónde están los cazadores? Ja,Bọn thợ săn đâu rồi? lol,Où sont les chasseurs ? lol,Arayıcılar nerede? hehe
Barrage_hider_9,状态不好，快跑！！！,状态不好，快跑！！！,他們往這邊來了，趕快跑！,They're coming. Hide!,여기로 온다. 도망가자!,鬼が来るよ！逃げよう！,มากันแล้ว หลบเร็ว!,Mereka datang. Sembunyi!,Они идут. Атас!,Stanno arrivando. Nascondiamoci in fretta!,Estão vindo. Escondam-se!,Ahí vienen. ¡Escóndanse!,Chúng đang đến kìa. Trốn đi!,Ils arrivent. Cache-toi !,Geliyorlar. Saklanın!
Barrage_hider_10,好好躲藏，别浪！！！,好好躲藏，别浪！！！,你就躲在那裡!,Just stay hidden there!,거기 그냥 숨어있어!,そこに隠れてて！,หลบอยู่ตรงนั้นแหละ!,Sembunyi di tempat!,Не высовывайтесь!,Rimani nascosto/a lì!,Se esconda aqui e não saia!,¡Escóndanse ahí!,Cứ trốn ở đó đi!,Reste caché là !,Orada saklanıp bi' yere kıpırdama!
Barrage_hider_11,你不要过来呀！,你不要过来呀！,別來這裡！,Better not come here!,여기 오지마!,来ないで！,อย่ามาทางนี้!,Sebaiknya jangan ke sini!,Сюда лучше не ходить!,Meglio che non vieni qui!,Melhor não vir pra cá!,¡Mejor que no vengas aquí!,Đừng tới gần đây!,Tu ferais mieux de ne pas venir ici !,Buraya gelmesen iyi olur!
Barrage_hider_12,你绝对找不到我！,你绝对找不到我！,應該找不到我吧？,Bet you can't find me!,나 못 찾을 걸?,私を見つけられないはず！,หาไม่เจอหรอก!,Kamu pasti tidak bisa menemukanku!,Спорим ты не сможешь меня найти!,Scommetto che non riuscirai a trovarmi!,Duvido que me ache!,¡A que no me encuentras!,Cá là cậu không tìm được tớ đâu!,Je parie que tu ne me trouveras pas !,Eminim beni bulamazsın!
Barrage_hider_13,我大意了，没有闪！,我大意了，没有闪！,啊...大意了 ㅠ,"Whoops, I let my guard down",아...방심했다 ㅠ,あ...油断しちゃった(泣),โถ่... เผลอไปหน่อย TT,"Oops, aku lengah.","Ой, моя защита ослабла","Cavolo, ho abbassato la guardia","Eita, vacilei","¡Ay, bajé la guardia!","Ôi, mình thật bất cẩn mà","Oups, j'ai baissé ma garde","Tüh, gardımı düşürdüm"
Barrage_hider_14,干的漂亮！！！,干的漂亮！！！,很好！！！很好！！！！！！,Good!!! Good!!!,굿!!! 굿!!!!!!,ナイス〜〜！！,ดี!!! ดี!!!!!!,Bagus!!! Bagus!!!,Хорошо! Хорошо!,Bene!!! Bene!!!,Boa!!! Boa!!!,¡Bien! ¡¡¡Bien!!!,Tốt!!! Ngon!!!,Super !!! Super !!!,Güzel!!! Güzel!!!
Barrage_hider_15,大佬救命！,大佬救命！,不行！！救命！！！,No! Don't get me!,안돼!! 살려줘!!!,助けて！！,ไม่นะ!! ช่วยด้วยย!!!,Tidak! Jangan tangkap aku!,Нет! Не поймаешь!,No! Lasciarmi andare!,Não! Não me pegue!,¡No! ¡No me atrapes!,Đừng! Đừng bắt tớ!,Non ! Ne m'attrape pas !,Hayır! Beni yakalamayın!
Barrage_hider_16,交个朋友！,交个朋友！,和我一起做朋友吧！,Let's be friends!,나랑 친구하자!,フレンズになろう！,เรามาเป็นเพื่อนกันเถอะ!,Ayo berteman!,Давай дружить!,Diventiamo amici!,Vamos fazer amizade!,¡Trabemos amistad!,Làm bạn với tớ nhé!,Soyons amis !,Hadi arkadaş olalım!
Barrage_hider_17,新年快乐！,新年快乐！,捉迷藏真的很好玩 嘿嘿,Hide & Seek is so fun!,술래잡기 진짜 재밌엌ㅋ,かくれんぼめっちゃ楽しい！,เกมซ่อนหาสนุกจัง 55,Petak Umpet seru banget!,Играть в прятки весело!,Nascondino è un vero spasso!,Esconde-Esconde é tão divertido!,¡Jugar al escondite es tan divertido!,Trốn Tìm thật vui!,Cache-Cache est trop cool !,Saklambaç acayip eğlenceli!
Barrage_hider_18,你瞅啥？,你瞅啥？,是在看我嗎？,Looking for me?,나 보는 거야?,私をみてるの？,หาฉันอยู่เหรอ?,Mencariku?,Меня ищешь?,Mi stai cercando?,Procurando por mim?,¿Me buscabas?,Đang tìm tớ ư?,Tu me cherches ?,Beni mi arıyorsun?
Barrage_hunter_1,你躲的也忒好了......,你躲的也忒好了......,真不知道他們到底躲在哪裡……嗚嗚,I don't know where they're hiding...,어디 숨었는지 모르겠어 ㅠ,どこに隠れたのか分からない(T_T),ไม่รู้ว่าซ่อนตัวอยู่ที่ไหน TT,Mereka sembunyi di mana ya...,"Я не знаю, где они прячутся...",Non so dove si nascondono...,Não sei onde estão se escondendo...,No sé dónde se esconden…,Ta không biết chúng đang trốn ở đâu...,Je ne sais pas où ils se cachent...,Nerede saklandıklarını bilmiyorum.
Barrage_hunter_2,嘤嘤嘤......,嘤嘤嘤......,嗚嗚,T_T,ㅠㅠ,(T ^ T),TT,T_T,ㅠㅠ,ㅠㅠ,ㅠㅠ,ㅠㅠ,ㅠㅠ,ㅠㅠ,ㅠㅠ
Barrage_hunter_3,我是真的栓Q......,我是真的栓Q......,謝謝,Ty ty,ㄱㅅㄱㅅ,(泣)(泣),ขอบคุณนะ,Makasih,Тс-с-с,Ty Ty,Vlw flw,Gracias,Cám ơn nhé,Je t'en dois une,Teşekkürler
Barrage_hunter_4,稳住，我们能赢！！！,稳住，我们能赢！！！,我們會贏得！！！,We got this!!!,이길 수 있어!!!,勝てるよ！,ยังชนะได้!!!,Kita pasti bisa!!!,Дело в шляпе!!!,Ti ho in pugno!!!,A gente consegue!!!,¡¡¡Pan comido!!!,Chúng ta có thể thắng mà!!!,On gère ! !!,Bu iş bizde!!!
Barrage_hunter_5,你逃我追，你插翅难飞！！！,你逃我追，你插翅难飞！！！,找到了！被我抓住了！,Gotcha! I found you!,찾았다! 딱 걸렸어!,よし！見つけた！,เจอแล้ว! ฉันเจอแล้ว!,Hayo! Kena kamu!!,Попался! Вот ты где!,Preso/a! Ti ho trovato!,A-ha! Te achei!,¡Ya te encontré!,Tìm thấy rồi! Bắt được ngay!,Je t'ai eu ! Je t'ai trouvé !,Yakaladım seni! Seni buldum!
Barrage_hunter_6,别想逃过我的眼睛！！！,别想逃过我的眼睛！！！,你是騙不了我的！,Can't hide from me!,내 눈은 못 속이지!,私の目は誤魔化せないよ！,หลอกฉันไม่ได้หรอก!,Tidak bisa sembunyi dariku!,От меня не спрячешься!,Non posso nascondermi!,Impossível se esconder!,¡No te puedes esconder de mí!,Ngươi không thể trốn khỏi ta đâu!,Tu ne peux pas te cacher de moi !,Benden saklanamazsın!
Barrage_hunter_7,你成功引起了我的注意！！！,你成功引起了我的注意！！！,哇~我真的找不到。好厲害！,"Wow, I really can't find them! ",진짜 못 찾겠다. 대단한걸?!,本当に見つからない！すごすぎる...！,หาไม่เจอจริงๆ นะเนี่ย เก่งกันจัง!,Susah sekali menemukan mereka!,"Ох, я и правда не могу их найти!","Cavolo, non riesco proprio a trovarli!","Eita, tá ruim de achar!","¡Uff, no puedo encontrarlos!","Quào, ta thật sự không thể tìm thấy chúng!","Wow, je ne peux vraiment pas les trouver !","Vay canına, onları cidden bulamıyorum!"
Barrage_hunter_8,不要跑，决战到天亮！！！,不要跑，决战到天亮！！！,趕緊出來吧~你們都在哪裡？！,"Come out, come out, wherever you are!",그만 숨고 나오시지?!,もう隠れるのやめて出てきて！,เลิกซ่อนแล้วออกมาซะดีๆ!,"Di mana pun kamu berada, keluarlah!","Выходите, выходите, где бы вы ни были!","Vieni fuori, ovunque tu sia!","Vamos, apareçam de onde estão!","¡Salgan, salgan de donde quiera que estén!","Ra đây, ra đây xem nào, dù ngươi đang ở đâu!","Sortez, sortez, où que vous soyez !","Elma dersem çık, armut dersem çıkma!"
Barrage_hunter_9,大家分头行动！！！,大家分头行动！！！,現在開始真的去找你們了！,I'm really coming for you now!,지금부터 진짜로 찾는다!,今からガチ探しするもーん！,จะไปหาจริงๆ แล้วนะ!,Aku akan cari kalian sekarang!,Сейчас я вас найду!,Non mi scappi questa volta!!!,Agora eu te pego!,¡Ahora sí que voy con todo!,Ta đang đến tìm ngươi đây!,Je viens vraiment vous chercher maintenant !,Şimdi cidden senin peşindeyim!
Barrage_hunter_10,干得漂亮！！！,干得漂亮！！！,奈斯！,Nice!,나이스!,ナイス！,เยี่ยม!,Bagus!,Здорово!,Ci sono!,Ótimo!,¡Bien!,Hay!,Joli !,İyi!
Barrage_hunter_11,我太难了！,我太难了！,找不到了！,I can't find you!,못 찾겠어!,見つけられない！,หาไม่เจอแน่เลย!,Aku tidak bisa menemukanmu!,Я не могу тебя найти!,Non riesco a trovarti!,Não consigo te achar!,¡No te puedo encontrar!,Tớ không tìm thấy cậu!,Je n'arrive pas à te trouver !,Seni bulamıyorum!
Barrage_hunter_12,毁灭吧，我累了！,毁灭吧，我累了！,真不知道 嗚嗚,What should I do...,모르겠다 진짜 ㅠㅠ,わからない どこ〜(泣),ไม่รู้จะไปหาที่ไหนแล้ว TTT,Bagaimana ya...,Что же мне делать...,Cosa dovrei fare...,O que devo fazer...,¿Qué puedo hacer?…,Tớ phải làm gì đây...,Que dois-je faire...,Ne yapmalıyım...
Barrage_hunter_13,又见面啦！,又见面啦！,又見面了？！,Good to see you again!,또 만났네?!,また会ったね？！,เจอกันอีกแล้ว!,Senang bertemu lagi!,Здорово снова видеть тебя!,Che bello rivederti!,Que bom te ver de novo!,¡Qué alegría verte otra vez!,Lại gặp nhau rồi!,C'est bon de te revoir !,Seni tekrar görmek güzel!
Barrage_hunter_14,交个朋友！,交个朋友！,和我做朋友吧！,Let's be friends!,나랑 친구하자!,フレンズになろう！,เรามาเป็นเพื่อนกันเถอะ!,Ayo berteman!,Давай дружить!,Diventiamo amici!,Vamos fazer amizade!,¡Trabemos amistad!,Làm bạn nhé!,Soyons amis !,Hadi arkadaş olalım!
Barrage_hunter_15,新年快乐！,新年快乐！,捉迷藏真的很好玩 嘿嘿,Hide & Seek is so fun!,술래잡기 진짜 재밌엌ㅋ,かくれんぼめっちゃ楽しい！,เกมซ่อนหาสนุกจัง 55,Petak Umpet seru banget!,Играть в прятки весело!,Nascondino è un vero spasso!,Esconde-Esconde é tão divertido!,¡Jugar al escondite es tan divertido!,Trốn Tìm thật vui!,Cache-cache est un jeu très amusant !,Saklambaç acayip eğlenceli!
Barrage_hunter_16,跟着我！,跟着我！,現在真的要找咯！,I'm gonna find you for real now!,이제 진짜로 찾을 거야!,次こそ見つけてやる！,จะเอาจริงแล้วนะ!,Aku benar-benar akan menemukanmu sekarang!,Теперь я точно тебя найду!,Ora ti troverò davvero!,"Agora é pra valer, vou te achar!",¡Esta vez sí que te encontraré!,Tớ nhất định sẽ tìm được cậu!,Je vais te trouver pour de vrai maintenant !,Şimdi seni gerçekten bulacağım!
Barrage_hunter_17,搜查角落！,搜查角落！,需要仔細看每個角落,Better check every corner,구석구석 봐야지,隅々まで探さないと！,ต้องหาให้หมดทุกซอกมุม,Sebaiknya periksa semua sudut,Лучше проверь каждый уголок,Meglio controllare ogni angolo,Melhor ver em todos os cantos,Lo mejor es revisar cada rincón,Phải tìm mọi ngóc ngách chứ,Mieux vaut vérifier chaque coin,Her köşeyi kontrol etsen iyi olur
Barrage_hunter_18,瞅你咋地！,瞅你咋地！,看得特別清楚啊？,I see you!,되게 잘 보이는데?,見つけた！,เห็นชัดเลย,Aku melihatmu!,Я тебя вижу!,Ti vedo!,Tô te vendo!,¡Te veo!,Tìm thấy cậu rồi!,Je te vois !,Seni görüyorum!
Barrage_common_1,我想当躲藏者......,我想当躲藏者......,我真的很會躲耶！,No one can find mel,나 진짜 잘 숨을 수 있는데!,私本当に隠れるのうまいよ！,ฉันซ่อนเก่งจริงๆ นะ!,Aku pandai bersembunyi!,Я очень хорошо прячусь!,Sono davvero un asso a nascondermi!,Se esconder é comigo mesmo!,¡Sé esconderme muy bien!,Ta có thể trốn rất giỏi!,Je suis doué pour bien me cacher !,Gerçekten iyi saklanabiliyorum!
Barrage_common_2,我想当寻找者......,我想当寻找者......,好想做追捕者,I want to be the hunter,아 술래 하고싶다,鬼やりたいな〜,ฉันอยากเป็นฮันเตอร์,Aku ingin menjadi pemburu,Я хочу быть охотником,Voglio giocare come cercatore,Quero jogar de caçador,Quiero ser cazador,Ta muốn trở thành thợ săn,Je veux être le chasseur,Arayıcı olmak istiyorum
Barrage_common_3,嘤嘤嘤......,嘤嘤嘤......,嗚嗚,ㅠㅠ,ㅠㅠ,（ ; ; ）,TT,T_T,ㅠㅠ,ㅠㅠ,ㅠㅠ,ㅠㅠ,ㅠㅠ,ㅠㅠ,ㅠㅠ
Barrage_common_4,不要跑，决战到天亮！！！,不要跑，决战到天亮！！！,趕緊出來吧~你們都在哪裡？！,"Come out, come out, wherever you are!",그만 숨고 나오시지?!,もう隠れるのやめて出てきて！,เลิกซ่อนแล้วออกมาซะดีๆ!,"Di mana pun kamu berada, keluarlah!","Выходите, выходите, где бы вы ни были!","Vieni fuori, vieni fuori, ovunque tu sia!","Vamos, apareça de onde está!","¡Salgan, salgan de donde quiera que estén!","Ra đây, ra đây xem nào, dù ngươi đang ở đâu!","Sors, sors, où que tu sois !","Elma dersem çık, armut dersem çıkma!"
Barrage_common_5,证明你眼神的时候到了！！！,证明你眼神的时候到了！！！,這簡直是個視力檢查。呵呵,"Wow, quite the eyesight you got!",완전 시력검사 수준 ㅋㅋㅋ,うますぎてコワイ。笑,ว้าว สายตาดีมาก 555,"Wow, penglihatan yang bagus!","Ого, а у тебя острый взгляд!","Wow, hai davvero una vista da falco!","Eita, que olho de ninja!",¡Sí que tienes buena vista!,"Quào, mắt ngươi tinh thật đấy!","Ouah, quelle vue tu as !","Vay be, gözlerin sağlammış!"
Barrage_common_6,宝贝们，互关吗～,宝贝们，互关吗～,要互追嗎？,Want to follow each other?,맞팔하실래요?,相互フォローする人！,มาแลกฟอลกันไหม?,Saling follow akun yuk!,Как насчет взаимной подписки?,Ci seguiamo a vicenda?,Que tal um seguir o outro?,¿Quieres que nos sigamos mutuamente?,Mình follow nhau nhé?,Tu veux qu'on se suive ?,Birbirimizi takip edelim mi?
Barrage_common_7,没发弹幕就是在要饭！！！,没发弹幕就是在要饭！！！,大家為什麼都這麼安靜？,Why so quiet? lol,왜 다들 조용해요 ㅋㅋㅋ,みんな何でこんな静かなの。笑,ทำไมเงียบกันจังล่ะ 555,Kenapa sepi sekali? haha,Что так тихо? лол,Come mai c’è questo silenzio? lol,Que calmaria é essa? rsrs,¿A qué viene tanto silencio? Ja,Sao im ắng thế? lol,Pourquoi c'est si calme ? lol,Ortalık neden bu kadar sessiz? hehe
Barrage_common_8,快点啊，我等到花儿都谢了！！！,快点啊，我等到花儿都谢了！！！,還要等多久啊？！,What's taking so long?!,기다리다 해 다 지겠다!,待ってたら日が暮れちゃいそうだよ！,มัวแต่รอก็แพ้น่ะสิ!,Nunggu sampai lumutan nih!,Что так долго?!,Perché ci vuole così tanto tempo?!,Por que essa demora?!,¡¿Por qué tardan tanto?!,Chờ cái gì lâu vậy?!,Pourquoi c'est si long ?,Neden bu kadar uzun sürdü?!
Barrage_common_9,交个朋友！,交个朋友！,與我一起做朋友吧！,Let's be friends!,나랑 친구하자!,フレンズになろう！,เรามาเป็นเพื่อนกันเถอะ!,Ayo berteman!,Давай дружить!,Facciamo amicizia!,Vamos fazer amizade!,¡Trabemos amistad!,Làm bạn nhé!,Soyons potes !,Hadi arkadaş olalım!
Barrage_common_10,新年快乐！,新年快乐！,捉迷藏真的很好玩 嘿嘿,Hide & Seek is so fun!,술래잡기 진짜 재밌엌ㅋ,かくれんぼめっちゃ楽しい！,เกมซ่อนหาสนุกจัง 55,Petak Umpet seru banget!,Играть в прятки весело!,Nascondino è un vero spasso!,Esconde-Esconde é tão divertido!,¡Jugar al escondite es tan divertido!,Trốn Tìm thật vui!,Cache-Cache est trop cool,Saklambaç acayip eğlenceli!
Barrage_common_11,又见面啦！,又见面啦！,又見面了？！,Good to see you again!,또 만났네?!,また会ったね？！,เจอกันอีกแล้ว!,Senang bertemu lagi!,Здорово снова видеть тебя!,Che bello rivederti!,Que bom te ver de novo!,¡Qué alegría verte otra vez!,Lại gặp nhau rồi!,C'est bon de te revoir !,Seni tekrar görmek güzel!
Barrage_common_12,我要大战300回合！,我要大战300回合！,一整天可以做的！,I can do this all day!,하루 종일 할 수 있어!,１日中できちゃう！,ให้เล่นทั้งวันเลยก็ยังได้!,Aku bisa bermain seharian!,Я могу так весь день!,Vorrei davvero giocare tutto il giorno!,Posso passar o dia todo nisso!,¡Podría pasarme el día así!,Mình chơi cả ngày luôn cũng được!,Je peux faire ça toute la journée !,Bunu bütün gün yapabilirim!
Barrage_common_13,处闺吗？,处闺吗？,要當真的朋友嗎？,Wanna be friends?,찐친할래?,親友になる？,มาเป็นเพื่อนกันไหม?,Ingin berteman?,Давай дружить!,Facciamo amicizia?,Quer amizade comigo?,¿Buscas amistad?,Làm bạn không?,Vous voulez qu'on soit amis ?,Arkadaş olalım mı?
Barrage_common_14,嘻嘻嘻嘻嘻,嘻嘻嘻嘻嘻,嘿嘿嘿,Lol,ㅋㅋㅋㅋㅋㅋㅋㅋ,wwwwwwww,5555555555,Wkwkwkwk,Lol,Lol,rsrsrs,Ja,Lol,Lol,Lol
Barrage_common_15,你瞅啥？,你瞅啥？,是在看我嗎？,Looking for me?,나 보는 거야?,私を見てるの？,หาฉันอยู่เหรอ?,Mencariku?,Меня ищешь?,Mi stai cercando?,Procurando por mim?,¿Me buscabas?,Đang tìm tớ á?,C'est moi que tu cherches ?,Beni mi arıyorsun?
Barrage_common_16,瞅你咋地！,瞅你咋地！,看得特別清楚啊？,I see you!,되게 잘 보이는데?,見つけた！,เห็นชัดเลย,Aku melihatmu!,Я тебя вижу!,Ti vedo!,Tô te vendo!,¡Te veo!,Tớ thấy cậu rồi!,Je vous vois !,Seni görüyorum!
Zem_btn_1,排行夺钻石,排行夺钻石,,,,,,,,,,,,,
Zem_btn_2,每周领钻石,每周领钻石,,,,,,,,,,,,,
Zem_btn_3,夺宝送钻石,夺宝送钻石,,,,,,,,,,,,,
Week_activity_1,周活跃重置：每周一{0}点,周活跃重置：每周一{0}点,,,,,,,,,,,,,
Star_Reward_1,星星夺宝,星星夺宝,,,,,,,,,,,,,
Star_Reward_2,幸运值{0}，必定获得钻石奖励,星幸运值{0}，必定获得钻石奖励星夺宝,,,,,,,,,,,,,
Star_Reward_3,当前幸运值,当前幸运值,,,,,,,,,,,,,
Star_Reward_4,今日还有{0}次夺宝机会,今日还有{0}次夺宝机会,,,,,,,,,,,,,
Star_Reward_Rule_1,夺宝规则说明,夺宝规则说明,,,,,,,,,,,,,
Star_Reward_Rule_2,1.每次花费80颗星星可以夺宝1次，每人每日最多可夺宝5次。<br><br>2.每次夺宝可获得2点幸运值，当幸运值满100时，100%暴击获得钻石奖励。<br><br>3.每次夺宝有机会获得金币和钻石，金币概率92%，钻石概率8%。,1.每次花费80颗星星可以夺宝1次，每人每日最多可夺宝5次。<br><br>2.每次夺宝可获得2点幸运值，当幸运值满100时，100%暴击获得钻石奖励。<br><br>3.每次夺宝有机会获得金币和钻石，金币概率92%，钻石概率8%。,,,,,,,,,,,,,
Star_Reward_Rule_3,我知道了,我知道了,,,,,,,,,,,,,
Feed_success,分享成功,分享成功,,,,,,,,,,,,,
Feed_fail,分享失败,分享失败,,,,,,,,,,,,,
Zem_btn_4,冲赛季拿钻石,冲赛季拿钻石
TIME_TEXT_1,天,天
TIME_TEXT_2,小时,小时
TIME_TEXT_3,分,分
TIME_TEXT_4,秒,秒
Season_End_Time,赛季剩余时间：{0},赛季剩余时间：{0}
Season_Reward_Rule,1.每周一{0}点为赛季结束时间<br>2.赛季结束自动重置积分和奖励，请即时领取奖励，过期作废,1.每周一{0}点为赛季结束时间<br>2.赛季结束自动重置积分和奖励，请即时领取奖励，过期作废
CHEST_TITLE,在线领福利,在线领福利,,,,,,,,,,,,,
CHEST_HINT,去躲猫猫小镇成功获得钥匙，才能解锁该活动喔~活动每日0点重置,去躲猫猫小镇成功获得钥匙，才能解锁该活动喔~活动每日0点重置,,,,,,,,,,,,,
CHEST_ONLINETIME,在线{0}分钟,在线{0}分钟,,,,,,,,,,,,,
CHEST_GET,领取,领取,,,,,,,,,,,,,
CHEST_GETED,明日再来吧,明日再来吧,,,,,,,,,,,,,
CHEST_GOTO,前往获得,前往获得,,,,,,,,,,,,,
GOTOWORLD_TITLE,确认提示,确认提示,,,,,,,,,,,,,
GOTOWORLD_TEXT,确定去【躲猫猫小镇】中获得钥匙吗？,确定去【躲猫猫小镇】中获得钥匙吗？,,,,,,,,,,,,,
Zem_btn_5,在线领福利,在线领福利,,,,,,,,,,,,,